ID,Name,PhotoUrl
515329204 	Susan Sutton        	https://randomuser.me/api/portraits/women/63.jpg
227758920 	Georgia Rodriguez   	https://randomuser.me/api/portraits/women/42.jpg
675111507 	Andrea Knight       	https://randomuser.me/api/portraits/women/6.jpg
36071846  	Sherri Gomez        	https://randomuser.me/api/portraits/women/47.jpg
706131751 	Marshall Lambert    	https://randomuser.me/api/portraits/men/51.jpg
310164000 	Brandon Peck        	https://randomuser.me/api/portraits/men/80.jpg
833035662 	Darryl Fletcher     	https://randomuser.me/api/portraits/men/96.jpg
301766263 	Gerald Franklin     	https://randomuser.me/api/portraits/men/17.jpg
877601212 	Monica Harris       	https://randomuser.me/api/portraits/women/30.jpg
135110220 	Tina Vasquez        	https://randomuser.me/api/portraits/women/55.jpg
